22, 22, 2, Chapter , Bardi's Abiding With Gudmund So 
23, 23, 2, abroad in the summer Chapter , Eric's Song On The Heathslayings 
a, 22, 75, them after the fashion of , great man and well And 
Abiding, 22, 4, Chapter 22 Bardi's , With Gudmund So Eyolf dights 
abroad, 22, 153, being still bent on faring , in the summer Chapter 23 
after, 22, 71, them and did to them , the fashion of a great 
All, 23, 46, race-course whereon the sword runneth , up on the Heath twas 
and, 22, 14, dights him for the journey , goes with five-and- twenty horses 
and, 22, 23, twenty horses to meet them , happens on them on Galmastrand 
and, 22, 33, Galmastrand He greets them well , bids them go home with 
and, 22, 49, his father They did so , there they had to themselves 
and, 22, 61, second bench throughout the winter , Gudmund was cheery to them 
and, 22, 67, Gudmund was cheery to them , did to them after the 
and, 22, 78, fashion of a great man , well And that was widely 
and, 22, 97, them go to his house , stay with him And thus 
and, 22, 131, who were of great worth , had much to fall back 
and, 23, 28, as to what had befallen , how many lives had been 
and, 23, 93, fell in with his fate , his ending In the midst 
And, 22, 80, a great man and well , that was widely rumoured Einar 
And, 22, 101, house and stay with him , thus now they are right 
And, 22, 138, much to fall back upon , they now sent to the 
And, 23, 75, midst din of the shields , thereof was the cause of 
are, 22, 105, him And thus now they , right happy Now we have 
as, 23, 23, who asked Eric the Skald , to what had befallen and 
asked, 23, 19, that there was one who , Eric the Skald as to 
back, 22, 136, and had much to fall , upon And they now sent 
Bardi, 22, 122, was Thorarin's rede that with , there were men who were 
Bardi's, 22, 3, Chapter 22 , Abiding With Gudmund So Eyolf 
battle, 23, 65, lime-board the red board of , Went shivering to pieces midst 
battle, 23, 82, was the cause of the , that erewhile It was Gisli 
been, 23, 33, and how many lives had , lost He sang Famed groves 
befallen, 23, 27, Skald as to what had , and how many lives had 
befell, 23, 13, Some time that winter it , that there was one who 
being, 22, 148, the west for their moneys , still bent on faring abroad 
bench, 22, 57, had to themselves the second , throughout the winter and Gudmund 
bent, 22, 150, for their moneys being still , on faring abroad in the 
bids, 22, 34, He greets them well and , them go home with him 
bids, 22, 91, the son of Jarnskeggi often , them go to his house 
board, 23, 63, where the lime-board the red , of battle Went shivering to 
bring, 22, 112, happy Now we have to , to mind that it was 
by, 22, 40, them go home with him , the will of his father 
cause, 23, 79, shields And thereof was the , of the battle that erewhile 
Chapter, 22, 1, , 22 Bardi's Abiding With Gudmund 
Chapter, 23, 1, faring abroad in the summer , 23 Eric's Song On The 
cheery, 22, 64, the winter and Gudmund was , to them and did to 
dead, 23, 54, the Heath twas eleven lay , In the place where the 
did, 22, 47, will of his father They , so and there they had 
did, 22, 68, was cheery to them and , to them after the fashion 
dights, 22, 9, Abiding With Gudmund So Eyolf , him for the journey and 
din, 23, 71, Went shivering to pieces midst , of the shields And thereof 
Einar, 22, 85, And that was widely rumoured , the son of Jarnskeggi often 
eleven, 23, 52, up on the Heath twas , lay dead In the place 
ending, 23, 95, with his fate and his , In the midst of the 
erewhile, 23, 84, cause of the battle that , It was Gisli fell in 
Eric, 23, 20, there was one who asked , the Skald as to what 
Eric's, 23, 3, in the summer Chapter 23 , Song On The Heathslayings Some 
Eyolf, 22, 8, Bardi's Abiding With Gudmund So , dights him for the journey 
fall, 22, 135, worth and had much to , back upon And they now 
Famed, 23, 37, had been lost He sang , groves of the race-course whereon 
faring, 22, 152, moneys being still bent on , abroad in the summer Chapter 
fashion, 22, 73, did to them after the , of a great man and 
fate, 23, 92, Gisli fell in with his , and his ending In the 
father, 22, 45, by the will of his , They did so and there 
fell, 23, 88, that erewhile It was Gisli , in with his fate and 
fight, 23, 107, of the fire of the , Gainst the wielder of wound-shaft 
fire, 23, 104, of the fray of the , of the fight Gainst the 
five-and-, 22, 17, the journey and goes with , twenty horses to meet them 
for, 22, 11, Gudmund So Eyolf dights him , the journey and goes with 
for, 22, 145, now sent to the west , their moneys being still bent 
forth, 23, 115, wielder of wound-shaft we thrust , the onslaught 
fray, 23, 101, In the midst of the , of the fire of the 
Gainst, 23, 108, the fire of the fight , the wielder of wound-shaft we 
Galmastrand, 22, 28, and happens on them on , He greets them well and 
Gisli, 23, 87, battle that erewhile It was , fell in with his fate 
go, 22, 36, them well and bids them , home with him by the 
go, 22, 93, of Jarnskeggi often bids them , to his house and stay 
goes, 22, 15, him for the journey and , with five-and- twenty horses to 
great, 22, 76, after the fashion of a , man and well And that 
great, 22, 129, were men who were of , worth and had much to 
greets, 22, 30, on them on Galmastrand He , them well and bids them 
groves, 23, 38, been lost He sang Famed , of the race-course whereon the 
Gudmund, 22, 6, Chapter 22 Bardi's Abiding With , So Eyolf dights him for 
Gudmund, 22, 62, bench throughout the winter and , was cheery to them and 
had, 22, 52, did so and there they , to themselves the second bench 
had, 22, 132, were of great worth and , much to fall back upon 
had, 23, 26, the Skald as to what , befallen and how many lives 
had, 23, 32, befallen and how many lives , been lost He sang Famed 
happens, 22, 24, horses to meet them and , on them on Galmastrand He 
happy, 22, 107, thus now they are right , Now we have to bring 
have, 22, 110, are right happy Now we , to bring to mind that 
He, 22, 29, happens on them on Galmastrand , greets them well and bids 
He, 23, 35, many lives had been lost , sang Famed groves of the 
Heath, 23, 50, runneth All up on the , twas eleven lay dead In 
Heathslayings, 23, 7, 23 Eric's Song On The , Some time that winter it 
him, 22, 10, With Gudmund So Eyolf dights , for the journey and goes 
him, 22, 39, bids them go home with , by the will of his 
him, 22, 100, his house and stay with , And thus now they are 
his, 22, 44, him by the will of , father They did so and 
his, 22, 95, often bids them go to , house and stay with him 
his, 23, 91, was Gisli fell in with , fate and his ending In 
his, 23, 94, in with his fate and , ending In the midst of 
home, 22, 37, well and bids them go , with him by the will 
horses, 22, 19, and goes with five-and- twenty , to meet them and happens 
house, 22, 96, bids them go to his , and stay with him And 
how, 23, 29, to what had befallen and , many lives had been lost 
in, 22, 154, still bent on faring abroad , the summer Chapter 23 Eric's 
in, 23, 89, erewhile It was Gisli fell , with his fate and his 
In, 23, 55, Heath twas eleven lay dead , the place where the lime-board 
In, 23, 96, his fate and his ending , the midst of the fray 
it, 22, 116, to bring to mind that , was Thorarin's rede that with 
it, 23, 12, Heathslayings Some time that winter , befell that there was one 
It, 23, 85, of the battle that erewhile , was Gisli fell in with 
Jarnskeggi, 22, 89, rumoured Einar the son of , often bids them go to 
journey, 22, 13, Eyolf dights him for the , and goes with five-and- twenty 
lay, 23, 53, on the Heath twas eleven , dead In the place where 
lime-board, 23, 60, In the place where the , the red board of battle 
lives, 23, 31, had befallen and how many , had been lost He sang 
lost, 23, 34, how many lives had been , He sang Famed groves of 
man, 22, 77, the fashion of a great , and well And that was 
many, 23, 30, what had befallen and how , lives had been lost He 
meet, 22, 21, with five-and- twenty horses to , them and happens on them 
men, 22, 125, that with Bardi there were , who were of great worth 
midst, 23, 70, battle Went shivering to pieces , din of the shields And 
midst, 23, 98, and his ending In the , of the fray of the 
mind, 22, 114, we have to bring to , that it was Thorarin's rede 
moneys, 22, 147, to the west for their , being still bent on faring 
much, 22, 133, of great worth and had , to fall back upon And 
now, 22, 103, stay with him And thus , they are right happy Now 
now, 22, 140, fall back upon And they , sent to the west for 
Now, 22, 108, now they are right happy , we have to bring to 
of, 22, 43, with him by the will , his father They did so 
of, 22, 74, to them after the fashion , a great man and well 
of, 22, 88, widely rumoured Einar the son , Jarnskeggi often bids them go 
of, 22, 128, there were men who were , great worth and had much 
of, 23, 39, lost He sang Famed groves , the race-course whereon the sword 
of, 23, 64, the lime-board the red board , battle Went shivering to pieces 
of, 23, 72, shivering to pieces midst din , the shields And thereof was 
of, 23, 80, And thereof was the cause , the battle that erewhile It 
of, 23, 99, his ending In the midst , the fray of the fire 
of, 23, 102, the midst of the fray , the fire of the fight 
of, 23, 105, the fray of the fire , the fight Gainst the wielder 
of, 23, 111, the fight Gainst the wielder , wound-shaft we thrust forth the 
often, 22, 90, Einar the son of Jarnskeggi , bids them go to his 
on, 22, 25, to meet them and happens , them on Galmastrand He greets 
on, 22, 27, them and happens on them , Galmastrand He greets them well 
on, 22, 151, their moneys being still bent , faring abroad in the summer 
on, 23, 48, the sword runneth All up , the Heath twas eleven lay 
On, 23, 5, summer Chapter 23 Eric's Song , The Heathslayings Some time that 
one, 23, 17, it befell that there was , who asked Eric the Skald 
onslaught, 23, 117, wound-shaft we thrust forth the , 
pieces, 23, 69, of battle Went shivering to , midst din of the shields 
place, 23, 57, eleven lay dead In the , where the lime-board the red 
race-course, 23, 41, sang Famed groves of the , whereon the sword runneth All 
red, 23, 62, place where the lime-board the , board of battle Went shivering 
rede, 22, 119, mind that it was Thorarin's , that with Bardi there were 
right, 22, 106, And thus now they are , happy Now we have to 
rumoured, 22, 84, well And that was widely , Einar the son of Jarnskeggi 
runneth, 23, 45, the race-course whereon the sword , All up on the Heath 
sang, 23, 36, lives had been lost He , Famed groves of the race-course 
second, 22, 56, they had to themselves the , bench throughout the winter and 
sent, 22, 141, back upon And they now , to the west for their 
shields, 23, 74, pieces midst din of the , And thereof was the cause 
shivering, 23, 67, red board of battle Went , to pieces midst din of 
Skald, 23, 22, one who asked Eric the , as to what had befallen 
so, 22, 48, of his father They did , and there they had to 
So, 22, 7, 22 Bardi's Abiding With Gudmund , Eyolf dights him for the 
Some, 23, 8, Eric's Song On The Heathslayings , time that winter it befell 
son, 22, 87, was widely rumoured Einar the , of Jarnskeggi often bids them 
Song, 23, 4, the summer Chapter 23 Eric's , On The Heathslayings Some time 
stay, 22, 98, go to his house and , with him And thus now 
still, 22, 149, west for their moneys being , bent on faring abroad in 
summer, 22, 156, on faring abroad in the , Chapter 23 Eric's Song On 
sword, 23, 44, of the race-course whereon the , runneth All up on the 
that, 22, 81, great man and well And , was widely rumoured Einar the 
that, 22, 115, have to bring to mind , it was Thorarin's rede that 
that, 22, 120, that it was Thorarin's rede , with Bardi there were men 
that, 23, 10, On The Heathslayings Some time , winter it befell that there 
that, 23, 14, time that winter it befell , there was one who asked 
that, 23, 83, the cause of the battle , erewhile It was Gisli fell 
the, 22, 12, So Eyolf dights him for , journey and goes with five-and- 
the, 22, 41, go home with him by , will of his father They 
the, 22, 55, there they had to themselves , second bench throughout the winter 
the, 22, 59, themselves the second bench throughout , winter and Gudmund was cheery 
the, 22, 72, and did to them after , fashion of a great man 
the, 22, 86, that was widely rumoured Einar , son of Jarnskeggi often bids 
the, 22, 143, And they now sent to , west for their moneys being 
the, 22, 155, bent on faring abroad in , summer Chapter 23 Eric's Song 
the, 23, 21, was one who asked Eric , Skald as to what had 
the, 23, 40, He sang Famed groves of , race-course whereon the sword runneth 
the, 23, 43, groves of the race-course whereon , sword runneth All up on 
the, 23, 49, sword runneth All up on , Heath twas eleven lay dead 
the, 23, 56, twas eleven lay dead In , place where the lime-board the 
the, 23, 59, dead In the place where , lime-board the red board of 
the, 23, 61, the place where the lime-board , red board of battle Went 
the, 23, 73, to pieces midst din of , shields And thereof was the 
the, 23, 78, the shields And thereof was , cause of the battle that 
the, 23, 81, thereof was the cause of , battle that erewhile It was 
the, 23, 97, fate and his ending In , midst of the fray of 
the, 23, 100, ending In the midst of , fray of the fire of 
the, 23, 103, midst of the fray of , fire of the fight Gainst 
the, 23, 106, fray of the fire of , fight Gainst the wielder of 
the, 23, 109, fire of the fight Gainst , wielder of wound-shaft we thrust 
the, 23, 116, of wound-shaft we thrust forth , onslaught 
The, 23, 6, Chapter 23 Eric's Song On , Heathslayings Some time that winter 
their, 22, 146, sent to the west for , moneys being still bent on 
them, 22, 22, five-and- twenty horses to meet , and happens on them on 
them, 22, 26, meet them and happens on , on Galmastrand He greets them 
them, 22, 31, them on Galmastrand He greets , well and bids them go 
them, 22, 35, greets them well and bids , go home with him by 
them, 22, 66, and Gudmund was cheery to , and did to them after 
them, 22, 70, to them and did to , after the fashion of a 
them, 22, 92, son of Jarnskeggi often bids , go to his house and 
themselves, 22, 54, and there they had to , the second bench throughout the 
there, 22, 50, father They did so and , they had to themselves the 
there, 22, 123, Thorarin's rede that with Bardi , were men who were of 
there, 23, 15, that winter it befell that , was one who asked Eric 
thereof, 23, 76, din of the shields And , was the cause of the 
they, 22, 51, They did so and there , had to themselves the second 
they, 22, 104, with him And thus now , are right happy Now we 
they, 22, 139, to fall back upon And , now sent to the west 
They, 22, 46, the will of his father , did so and there they 
Thorarin's, 22, 118, to mind that it was , rede that with Bardi there 
throughout, 22, 58, to themselves the second bench , the winter and Gudmund was 
thrust, 23, 114, the wielder of wound-shaft we , forth the onslaught 
thus, 22, 102, and stay with him And , now they are right happy 
time, 23, 9, Song On The Heathslayings Some , that winter it befell that 
to, 22, 20, goes with five-and- twenty horses , meet them and happens on 
to, 22, 53, so and there they had , themselves the second bench throughout 
to, 22, 65, winter and Gudmund was cheery , them and did to them 
to, 22, 69, cheery to them and did , them after the fashion of 
to, 22, 94, Jarnskeggi often bids them go , his house and stay with 
to, 22, 111, right happy Now we have , bring to mind that it 
to, 22, 113, Now we have to bring , mind that it was Thorarin's 
to, 22, 134, great worth and had much , fall back upon And they 
to, 22, 142, upon And they now sent , the west for their moneys 
to, 23, 24, asked Eric the Skald as , what had befallen and how 
to, 23, 68, board of battle Went shivering , pieces midst din of the 
twas, 23, 51, All up on the Heath , eleven lay dead In the 
twenty, 22, 18, journey and goes with five-and- , horses to meet them and 
up, 23, 47, whereon the sword runneth All , on the Heath twas eleven 
upon, 22, 137, had much to fall back , And they now sent to 
was, 22, 63, throughout the winter and Gudmund , cheery to them and did 
was, 22, 82, man and well And that , widely rumoured Einar the son 
was, 22, 117, bring to mind that it , Thorarin's rede that with Bardi 
was, 23, 16, winter it befell that there , one who asked Eric the 
was, 23, 77, of the shields And thereof , the cause of the battle 
was, 23, 86, the battle that erewhile It , Gisli fell in with his 
we, 22, 109, they are right happy Now , have to bring to mind 
we, 23, 113, Gainst the wielder of wound-shaft , thrust forth the onslaught 
well, 22, 32, on Galmastrand He greets them , and bids them go home 
well, 22, 79, of a great man and , And that was widely rumoured 
Went, 23, 66, the red board of battle , shivering to pieces midst din 
were, 22, 124, rede that with Bardi there , men who were of great 
were, 22, 127, Bardi there were men who , of great worth and had 
west, 22, 144, they now sent to the , for their moneys being still 
what, 23, 25, Eric the Skald as to , had befallen and how many 
where, 23, 58, lay dead In the place , the lime-board the red board 
whereon, 23, 42, Famed groves of the race-course , the sword runneth All up 
who, 22, 126, with Bardi there were men , were of great worth and 
who, 23, 18, befell that there was one , asked Eric the Skald as 
widely, 22, 83, and well And that was , rumoured Einar the son of 
wielder, 23, 110, of the fight Gainst the , of wound-shaft we thrust forth 
will, 22, 42, home with him by the , of his father They did 
winter, 22, 60, the second bench throughout the , and Gudmund was cheery to 
winter, 23, 11, The Heathslayings Some time that , it befell that there was 
with, 22, 16, for the journey and goes , five-and- twenty horses to meet 
with, 22, 38, and bids them go home , him by the will of 
with, 22, 99, to his house and stay , him And thus now they 
with, 22, 121, it was Thorarin's rede that , Bardi there were men who 
with, 23, 90, It was Gisli fell in , his fate and his ending 
With, 22, 5, Chapter 22 Bardi's Abiding , Gudmund So Eyolf dights him 
worth, 22, 130, men who were of great , and had much to fall 
wound-shaft, 23, 112, fight Gainst the wielder of , we thrust forth the onslaught 
